tinestamp,car1_utm_x,car1_utm_y,car1_vel,car1_accel,car1_yaw,car2_utm_x,car2_utm_y,car2_vel_x,car2_vel_y,car2_accel,car2_yaw,estimate_utm_x,estimate_utm_y,estimate_vel_x,estimate_vel_y,estimate_accel,estimate_yaw
1609832169,60205.86148,2974186.208,-0.010385425,-0.011444092,2.034368038,60199.72914,2974199.361,0.008660045,0.004753874,0.045376221,2.007485836,60200.06595,2974198.667,-0.004917846,0,-0.006314052,#NAME?
1609832169,60205.86223,2974186.209,-0.011590924,-0.030975342,2.034394503,60199.73008,2974199.362,0.010033969,0.005523173,0.004635254,2.007486368,60200.06595,2974198.667,-0.004917846,0.004874978,-0.033432515,#NAME?
1609832169,60205.8629,2974186.209,-0.012603004,-0.015411377,2.034402132,60199.73121,2974199.362,0.012038294,0.006382194,0.032558838,2.007528979,60200.06595,2974198.667,-0.016582586,0.019688688,-0.025803986,#NAME?
1609832169,60205.86381,2974186.21,-0.013361024,-0.026855469,2.034413338,60199.7325,2974199.363,0.013119582,0.007164568,0.039120117,2.00750288,60200.06119,2974198.672,-0.008028112,0.030863255,-0.022497796,#NAME?
1609832169,60205.86442,2974186.211,-0.004368579,-0.036468506,2.034451723,60199.73387,2974199.363,0.013738612,0.008038264,0.014553467,2.007568926,60200.05448,2974198.667,-0.007240914,0.051641878,0.01450308,#NAME?
1609832169,60205.86245,2974186.209,-0.004938388,-0.004577637,2.034444571,60199.73534,2974199.364,0.015052687,0.008693978,0.036678711,2.007515663,60200.04409,2974198.662,0.0037698,0.083287849,0.023798661,#NAME?
1609832169,60205.86061,2974186.207,-0.006294977,-0.010375977,2.034419537,60199.73452,2974199.364,0.005107331,0.003427443,0.049953857,2.007576916,60200.05214,2974198.671,0.011060942,0.06250816,0.046262371,#NAME?
1609832169,60205.86012,2974186.207,-0.007487527,-0.036773682,2.034395218,60199.73126,2974199.362,0.006040852,0.004265565,0.016842285,2.007527381,60200.05626,2974198.674,0.015991385,0.013970344,0.039101448,#NAME?
1609832169,60205.86057,2974186.207,-0.00867076,-0.000915527,2.034423351,60199.72809,2974199.361,0.006931077,0.004864068,0.024319092,2.007598754,60200.0487,2974198.666,0.015348472,-0.00750917,0.008787991,#NAME?
1609832170,60205.86124,2974186.208,-0.008832858,-0.003356934,2.034444094,60199.72888,2974199.362,0.008596707,0.005450181,0.03530542,2.007574253,60200.06608,2974198.671,0.003881858,-0.047931516,-0.026989761,#NAME?
1609832170,60205.86184,2974186.208,-0.011334237,-0.00579834,2.034422874,60199.72983,2974199.362,0.009869676,0.006645792,-9.50E-05,2.0076142,60200.0439,2974198.66,-0.008896964,0.016426233,-0.022977359,#NAME?
1609832170,60205.86254,2974186.209,-0.011337375,-0.027923584,2.034387589,60199.73091,2974199.363,0.011058501,0.007511578,0.020962158,2.01E+00,60200.03776,2974198.661,-0.004008946,0.036400332,-0.00655042,#NAME?
1609832170,60205.86358,2974186.21,-0.012626084,-0.012054443,2.034502268,60199.73211,2974199.364,0.012311338,0.008115932,0.044308105,2.007689834,60200.05752,2974198.67,0.002595552,0.032867336,0.020177715,#NAME?
1609832170,60205.86452,2974186.211,-0.014516631,-0.000457764,2.034445763,60199.73342,2974199.364,0.013084876,0.008903503,0.029049316,2.007644028,60200.06611,2974198.675,0.011324711,-0.024607168,-0.030896537,#NAME?
1609832170,60205.8655,2974186.212,-0.004080392,-0.014801025,2.034449577,60199.73484,2974199.365,0.0147976,0.009970257,0.022488037,2.007596091,60200.04793,2974198.655,-0.019070512,-0.002004768,-0.034479545,#NAME?
1609832170,60205.86403,2974186.21,-0.003734053,-0.013580322,2.034435511,60199.73644,2974199.366,0.01625674,0.010228526,0.031032959,2.007639234,60200.06035,2974198.666,-0.015675625,0.000458382,-0.030778535,#NAME?
1609832170,60205.86167,2974186.208,-0.005484491,0.008392334,2.034473419,60199.7355,2974199.366,0.004224388,0.003797586,0.015621582,2.007633375,60200.05309,2974198.669,-0.008386262,0.031786764,0.052267861,#NAME?
1609832170,60205.8607,2974186.207,-0.007188219,0.008087158,2.034432888,60199.73189,2974199.364,0.005239403,0.005000988,0.038967529,2.007726053,60200.04925,2974198.669,0.021920757,0.009747773,0.036896142,#NAME?
1609832170,60205.8612,2974186.207,-0.0083242,-0.032348633,2.034468174,60199.72841,2974199.362,0.006562504,0.00545312,0.062008301,2.007627516,60200.05148,2974198.661,0.007559799,0.020670354,0.008400317,#NAME?
1609832171,60205.86175,2974186.207,-0.007980066,-0.02243042,2.034399509,60199.72914,2974199.362,0.007711431,0.006258246,0.011043945,2.007691964,60200.06745,2974198.665,-0.006518931,-0.026619644,-0.01909159,#NAME?
1609832171,60205.86234,2974186.208,-0.009420761,0.023651123,2.034328461,60199.72996,2974199.363,0.008253632,0.007167178,0.01501123,2.007659474,60200.05545,2974198.667,-0.002342162,-0.020889989,0.015299707,#NAME?
1609832171,60205.86305,2974186.208,-0.010027606,-0.007781982,2.034299374,60199.73085,2974199.364,0.009216791,0.00817228,0.027523438,2.007650952,60200.06604,2974198.674,0.013309786,-0.047418236,0.028290222,#NAME?
1609832171,60205.86392,2974186.209,-0.010958954,-0.024871826,2.034281731,60199.73186,2974199.365,0.010108843,0.009243831,0.009365479,2.007600884,60200.0541,2974198.664,0.01161239,0.018496474,0.026061223,#NAME?
1609832171,60205.86506,2974186.21,-0.012371136,0.007629395,2.034230471,60199.73296,2974199.366,0.011037133,0.010525181,0.02737085,2.007541229,60200.04376,2974198.664,0.011925163,0.053178447,-0.004037909,#NAME?
1609832171,60205.86606,2974186.211,-0.003415173,0.020141602,2.034308434,60199.73414,2974199.367,0.011739539,0.011144522,0.0469021,2.007670126,60200.06467,2974198.672,0.003350715,0.035699372,0.0069815,#NAME?
1609832171,60205.8645,2974186.209,-0.004598288,-0.040130615,2.034261465,60199.73542,2974199.368,0.012839097,0.012380307,0.016537109,2.007644028,60200.05537,2974198.67,0.010198484,0.034872025,-0.01359228,#NAME?
1609832171,60205.86227,2974186.207,-0.003546342,-0.030059814,2.034277916,60199.73434,2974199.367,0.002213779,0.004254558,0.008297363,2.00757159,60200.0442,2974198.663,-0.000682808,0.037620817,0.003330718,#NAME?
1609832171,60205.86065,2974186.206,-0.005328283,-0.011749268,2.034316301,60199.73077,2974199.365,0.002736905,0.004906846,0.025234619,2.007527914,60200.06474,2974198.674,0.003992917,0.003229679,-0.034185767,#NAME?
1609832171,60205.86135,2974186.206,-0.00687121,-0.005493164,2.034289598,60199.72729,2974199.363,0.003723809,0.006090471,0.027218262,2.007513,60200.05486,2974198.662,-0.012116505,0.006841026,-0.003099582,#NAME?
1609832172,60205.86185,2974186.206,-0.006341221,-0.022125244,2.034290791,60199.72775,2974199.363,0.004775984,0.00729277,0.040188232,2.007498619,60200.03919,2974198.661,0.001261586,0.007070696,-0.035443807,#NAME?
1609832172,60205.86232,2974186.206,-0.007445755,-0.004577637,2.034306288,60199.72833,2974199.364,0.005932833,0.007843475,0.052395264,2.00747252,60200.06542,2974198.665,-0.014423725,-0.011577074,0.009567689,#NAME?
1609832172,60205.86294,2974186.207,-0.009931112,-0.003967285,2.034344435,60199.72899,2974199.365,0.006905428,0.008755101,0.020046631,2.007478379,60200.05724,2974198.666,0.003415671,-0.009266349,-0.012553743,#NAME?
1609832172,60205.86406,2974186.207,-0.009441299,-0.014953613,2.03437376,60199.72976,2974199.366,0.007675075,0.009539523,0.005855957,2.007506608,60200.04795,2974198.662,-0.003944618,-0.007902741,0.024565027,#NAME?
1609832172,60205.86484,2974186.208,-0.009324377,-0.026550293,2.034272194,60199.7306,2974199.367,0.008542852,0.010395757,0.03240625,2.007510337,60200.06254,2974198.669,0.006151418,-0.00196779,-0.010708232,#NAME?
1609832172,60205.86552,2974186.208,-0.002847739,-0.018920898,2.034299374,60199.73154,2974199.368,0.009482148,0.011586977,0.020046631,2.007413398,60200.05553,2974198.66,-0.006966741,0.01942577,-0.010313535,#NAME?
1609832172,60205.86451,2974186.207,-0.00432701,0.005187988,2.03423214,60199.73261,2974199.369,0.010648652,0.012598841,0.011501709,2.007415528,60200.04589,2974198.657,-0.008242849,0.034356131,-0.024992336,#NAME?
1609832172,60205.86144,2974186.205,-0.003964132,-0.029449463,2.034198523,60199.73202,2974199.368,0.002143939,0.003837108,0.027828613,2.007315393,60200.06009,2974198.664,-0.010604027,0.02962108,-0.011929346,#NAME?
1609832172,60205.86048,2974186.205,-0.004728187,-0.027160645,2.034166574,60199.7293,2974199.366,0.003748575,0.004741865,0.029354492,2.007263728,60200.06775,2974198.664,-0.01041438,-0.009633896,0.014384129,#NAME?
1609832172,60205.86081,2974186.205,-0.005454523,0.005187988,2.034181118,60199.72673,2974199.363,0.005116185,0.005683716,0.031490723,2.007318057,60200.05069,2974198.662,0.004737028,-0.012845455,0.028071381,#NAME?
1609832173,60205.86131,2974186.205,-0.007465845,-0.010986328,2.034170866,60199.72714,2974199.363,0.005555832,0.006823653,0.035458008,2.00730048,60200.06105,2974198.667,0.008830908,-0.02290032,0.035223739,#NAME?
1609832173,60205.86189,2974186.206,-0.008172662,-0.035400391,2.03411293,60199.72777,2974199.364,0.006793784,0.007703317,0.011806885,2.007205671,60200.05798,2974198.662,0.00929955,0.00508121,0.021962304,#NAME?
1609832173,60205.8629,2974186.206,-0.008671625,-0.002746582,2.034109116,60199.72854,2974199.365,0.007857571,0.00870871,0.013790527,2.007232303,60200.06288,2974198.668,0.010165137,-0.019142425,0.019758022,#NAME?
1609832173,60205.86351,2974186.206,-0.009246713,-0.022583008,2.034171343,60199.72943,2974199.366,0.008818381,0.010028386,0.062618652,2.007221118,60200.05463,2974198.667,0.011972984,0.015719299,-0.00030583,#NAME?
1609832173,60205.86433,2974186.207,-0.010814646,-0.034637451,2.034178972,60199.73038,2974199.367,0.009614101,0.01135428,0.03744165,2.007139092,60200.06891,2974198.667,0.001519263,-0.008468347,-0.002043268,#NAME?
1609832173,60205.86505,2974186.207,-0.002790647,0.004425049,2.034160376,60199.73143,2974199.368,0.010633077,0.012066722,0.000667969,2.007172648,60200.06974,2974198.672,0.004373776,-0.01019271,-0.007140015,#NAME?
1609832173,60205.86402,2974186.207,-0.004775642,0.004425049,2.034174681,60199.73261,2974199.369,0.012040655,0.01332003,0.018825928,2.007286631,60200.07837,2974198.679,0.005382537,-0.049015261,-0.017241697,#NAME?
1609832173,60205.8614,2974186.205,-0.005396065,-0.026397705,2.034195423,60199.73192,2974199.369,0.002929628,0.004961587,0.018978516,2.007247217,60200.07031,2974198.665,-0.006430506,-0.008933103,-0.006858655,#NAME?
1609832173,60205.86046,2974186.205,-0.006468423,-0.022125244,2.034158707,60199.72923,2974199.366,0.003503961,0.00638938,0.020199219,2.007291425,60200.04684,2974198.664,0.002553566,0.049622011,-0.015256696,#NAME?
1609832173,60205.86086,2974186.205,-0.007590781,-0.007476807,2.034175158,60199.72664,2974199.363,0.004733693,0.007240409,0.051784912,2.007195551,60200.06311,2974198.67,-0.001319347,0.045840381,0.006797543,#NAME?
1609832174,60205.86146,2974186.206,-0.009171746,-0.03692627,2.034199715,60199.7272,2974199.364,0.005715827,0.008311497,0.034847656,2.007118852,60200.06732,2974198.667,0.002540803,0.023015909,0.01333248,#NAME?
1609832174,60205.86207,2974186.206,-0.009699587,-0.011291504,2.03416729,60199.72784,2974199.365,0.006451973,0.010055168,0.011654297,2.007078905,60200.0575,2974198.672,0.012454149,-0.008266906,0.018841995,#NAME?
1609832174,60205.86298,2974186.207,-0.010572442,-0.002593994,2.034144163,60199.7286,2974199.366,0.0080845,0.010886886,0.027676025,2.007072513,60200.05763,2974198.671,0.011790362,0.008089493,0.022603307,#NAME?
1609832174,60205.86385,2974186.208,-0.012383037,-0.007629395,2.034182549,60199.72948,2974199.367,0.008424741,0.011609128,0.025844971,2.007078905,60200.06255,2974198.67,0.013375681,0.015897742,-0.016582538,#NAME?
1609832174,60205.86462,2974186.208,-0.013335079,0.001220703,2.034178257,60199.73035,2974199.368,0.008290499,0.01356101,0.03530542,2.007164659,60200.06049,2974198.669,-0.00151273,0.01744586,-0.031851731,#NAME?
1609832174,60205.86566,2974186.209,-0.005023918,-0.007324219,2.034168243,60199.73137,2974199.37,0.010830615,0.01527515,0.052853027,2.007123646,60200.06873,2974198.672,-0.008448854,-0.002239282,-0.035967321,#NAME?
1609832174,60205.86402,2974186.208,-0.005973337,-0.025024414,2.034136772,60199.73256,2974199.371,0.011776241,0.015664535,0.03454248,2.007163061,60200.07609,2974198.675,-0.007672288,-0.018034065,-0.036935343,#NAME?
1609832174,60205.86208,2974186.207,-0.006879306,-0.004730225,2.034160376,60199.73189,2974199.37,0.003065767,0.005902471,0.012569824,2.007103938,60200.05554,2974198.662,-0.015508365,0.020368875,-0.010148931,#NAME?
1609832174,60205.86079,2974186.206,-0.008743539,-0.011901855,2.034190655,60199.72921,2974199.367,0.003643077,0.006873937,0.029812256,2.007186496,60200.07886,2974198.676,-0.004596899,-0.020665326,-0.010312793,#NAME?
1609832174,60205.86161,2974186.207,-0.010190619,-0.025482178,2.034165621,60199.72667,2974199.364,0.005117993,0.008790613,0.01577417,2.00717904,60200.06054,2974198.664,-0.007316767,0.031298749,0.029579184,#NAME?
1609832175,60205.86237,2974186.207,-0.010557036,-0.004730225,2.034220934,60199.72733,2974199.365,0.006815843,0.010837506,0.043087402,2.007327644,60200.0436,2974198.661,0.010288746,0.03705591,0.003342791,#NAME?
1609832175,60205.86306,2974186.208,-0.011481564,-0.01739502,2.034258366,60199.72807,2974199.366,0.007033561,0.011695427,0.059414307,2.007327644,60200.04586,2974198.657,-0.001789866,0.089508778,0.030980243,#NAME?
1609832175,60205.86372,2974186.209,-0.013389735,-0.014648438,2.034313679,60199.72887,2974199.368,0.007988509,0.012526293,0.013332764,2.00742405,60200.05902,2974198.669,0.011264864,0.040762774,0.021215784,#NAME?
1609832175,60205.86463,2974186.21,-0.014438327,-0.01159668,2.03425622,60199.72978,2974199.369,0.009425208,0.014017237,-0.010928711,2.007372918,60200.05551,2974198.671,0.015193579,0.004177501,0.015947218,#NAME?
1609832175,60205.86599,2974186.211,-0.014559468,-0.007171631,2.034215212,60199.73077,2974199.37,0.009641096,0.015371836,0.021267334,2.007365993,60200.05304,2974198.661,0.005938445,-0.003867933,-0.003994469,#NAME?
1609832175,60205.86701,2974186.212,-0.004247804,-0.005645752,2.034162283,60199.73191,2974199.372,0.011694904,0.01788787,0.030880371,2.0073106,60200.05607,2974198.667,0.003572129,0.010947785,-0.050092311,#NAME?
1609832175,60205.86502,2974186.21,-0.009702079,-0.00289917,2.034080982,60199.73321,2974199.374,0.012696403,0.019020602,0.040798584,2.007303143,60200.06271,2974198.664,-0.01917251,0.010094134,-0.010655545,#NAME?
1609832175,60205.86285,2974186.209,-0.016738834,-0.055999756,2.034144163,60199.73253,2974199.373,0.003127438,0.006120998,0.05773584,2.007203541,60200.05541,2974198.668,0.001874525,0.017507465,-0.024766621,#NAME?
1609832175,60205.86017,2974186.209,-0.016232909,-0.113677979,2.034096241,60199.72977,2974199.369,0.005065527,0.007715096,0.034695068,2.007227509,60200.05709,2974198.663,-0.003372906,0.008378548,0.016012713,#NAME?
1609832175,60205.86024,2974186.21,-0.008049203,0.05355835,2.034065008,60199.72722,2974199.365,0.0070922,0.010069016,-0.001010498,2.007215259,60200.04573,2974198.658,0.009529028,0.03966388,-0.004516207,#NAME?
1609832176,60205.86081,2974186.211,-0.009125522,0.111999512,2.034030914,60199.72808,2974199.366,0.008741553,0.010854317,0.039730469,2.007260532,60200.03798,2974198.657,0.011318326,0.051114954,0.012427974,#NAME?
1609832176,60205.86152,2974186.211,-0.01079236,-0.030822754,2.034025431,60199.72895,2974199.368,0.008191176,0.01172993,0.025387207,2.007188627,60200.05062,2974198.663,0.006145211,0.028367775,-0.018857349,#NAME?
1609832176,60205.86228,2974186.211,-0.012570529,-0.135040283,2.033977985,60199.72989,2974199.369,0.009722415,0.014221651,0.008907715,2.00721952,60200.05445,2974198.658,-0.018049049,0.004435176,-0.012262883,#NAME?
1609832176,60205.86284,2974186.212,-0.012169909,-0.020141602,2.033913612,60199.73109,2974199.37,0.012612562,0.015887525,0.056362549,2.007216856,60200.04957,2974198.66,-0.007384575,-0.007303921,-0.018969658,#NAME?
1609832176,60205.86429,2974186.213,-0.014760203,0.059661865,2.033922672,60199.73243,2974199.372,0.012687057,0.017108107,0.036373535,2.007213661,60200.06506,2974198.666,-0.005842156,-0.028061924,0.042003807,#NAME?
1609832176,60205.86546,2974186.213,-0.005591571,0.056152344,2.033943892,60199.73375,2974199.374,0.012804767,0.018301273,0.01501123,2.007173181,60200.07782,2974198.679,0.01885896,-0.063622536,0.036318429,#NAME?
1609832176,60205.86454,2974186.211,-0.004025096,-0.105285645,2.033906221,60199.73522,2974199.375,0.015330767,0.019743696,0.042324463,2.00725201,60200.05949,2974198.667,0.007203324,-0.027440186,0.050570876,#NAME?
1609832176,60205.86217,2974186.207,-0.005201287,-0.043182373,2.033961535,60199.73453,2974199.374,0.005690909,0.007317803,0.007381836,2.007230172,60200.05282,2974198.665,0.008739812,0.013472658,0.017054258,#NAME?
1609832176,60205.86122,2974186.205,-0.00563282,-0.015563965,2.033896685,60199.73142,2974199.37,0.005762581,0.008314963,0.015926758,2.007227509,60200.05967,2974198.668,0.009835058,0.043905387,0.028906188,#NAME?
1609832176,60205.86168,2974186.205,-0.006404553,0.016174316,2.033889055,60199.72836,2974199.366,0.006732149,0.00904071,0.069790283,2.007225379,60200.0649,2974198.671,0.017424454,0.004952406,0.034610884,#NAME?
1609832177,60205.86229,2974186.206,-0.008507078,-0.043792725,2.033955097,60199.72918,2974199.367,0.008881665,0.010994723,0.042934814,2.007182235,60200.05836,2974198.67,0.022872158,-0.013359679,0.00178359,#NAME?
1609832177,60205.86319,2974186.206,-0.008491935,-0.044708252,2.0339818,60199.7302,2974199.368,0.010434383,0.013185998,0.005550781,2.007203008,60200.07823,2974198.671,0.002601952,-0.052686057,-0.060369045,#NAME?
1609832177,60205.86387,2974186.207,-0.009585645,-0.020294189,2.033939838,60199.73133,2974199.37,0.011152171,0.013623134,0.024319092,2.00717105,60200.06064,2974198.655,-0.023305243,0.008758741,-0.059283532,#NAME?
1609832177,60205.86455,2974186.207,-0.010675619,-0.012969971,2.033869505,60199.73252,2974199.371,0.011736285,0.014649292,0.031948486,2.007178507,60200.05609,2974198.667,-0.01087439,0.016622812,-0.024623019,#NAME?
1609832177,60205.86547,2974186.208,-0.011649798,-0.012512207,2.033892393,60199.73384,2974199.372,0.013388678,0.016966583,0.031338135,2.007114591,60200.05999,2974198.668,-0.000109457,0.050488077,0.061024727,#NAME?
1609832177,60205.86664,2974186.208,-0.003070975,-0.009460449,2.033938646,60199.73536,2974199.374,0.015307553,0.018745296,0.05407373,2.00714069,60200.05771,2974198.67,0.029524257,0.035456679,0.020911023,#NAME?
1609832177,60205.86469,2974186.207,-0.004068299,0.003509521,2.033914804,60199.73703,2974199.376,0.016305365,0.019316254,0.031338135,2.007127374,60200.06709,2974198.668,0.007304399,0.010214532,-0.03663683,#NAME?
1609832177,60205.86268,2974186.206,-0.00487193,-0.030975342,2.03394556,60199.73604,2974199.375,0.004017799,0.00500127,0.011501709,2.00717105,60200.08048,2974198.663,-0.023112955,-0.019520837,-0.108798715,#NAME?
1609832177,60205.86066,2974186.205,-0.00644915,-0.028533936,2.03391695,60199.73233,2974199.37,0.005616988,0.006582861,0.021114746,2.007131635,60200.07924,2974198.661,-0.043397173,-0.046615429,-0.099422367,#NAME?
1609832177,60205.86098,2974186.206,-0.008071634,-0.051574707,2.033911467,60199.7288,2974199.366,0.007245855,0.007949214,0.030117432,2.007210998,60200.07602,2974198.66,-0.041645834,-0.039504201,-0.050537371,#NAME?
1609832178,60205.86182,2974186.206,-0.00871947,0.006713867,2.033931732,60199.7296,2974199.367,0.00779007,0.009551706,0.046749512,2.00718117,60200.08236,2974198.659,-0.028011335,-0.031717224,0.021273622,#NAME?
1609832178,60205.86249,2974186.207,-0.009854018,0.032501221,2.033845425,60199.73047,2974199.368,0.008717447,0.010702373,0.058193604,2.007225911,60200.08186,2974198.666,-0.002794359,-0.023573816,0.078596792,#NAME?
1609832178,60205.86326,2974186.207,-0.011941931,-0.065917969,2.03391695,60199.73148,2974199.369,0.010761494,0.011921873,0.021267334,2.007240292,60200.07097,2974198.667,0.017616304,0.003705791,0.114379096,#NAME?
1609832178,60205.86377,2974186.208,-0.013933306,-0.032806396,2.033911467,60199.73269,2974199.37,0.012199782,0.013470449,0.010586182,2.007205671,60200.05228,2974198.66,0.034000193,0.077070177,0.090920637,#NAME?
1609832178,60205.86439,2974186.21,-0.024587554,-0.006408691,2.033797026,60199.734,2974199.371,0.012944123,0.014636168,0.031490723,2.007135896,60200.05643,2974198.661,0.035642464,0.096129636,0.067266663,#NAME?
1609832178,60205.86447,2974186.213,-0.051575758,-0.204772949,2.033767223,60199.73537,2974199.373,0.013611945,0.015856549,0.025844971,2.007144951,60200.04957,2974198.666,0.038521448,0.102358339,-0.047009472,#NAME?
1609832178,60205.86032,2974186.216,-0.116311374,-0.451812744,2.033795834,60199.7369,2974199.375,0.015210842,0.017966669,0.03530542,2.007062393,60200.04813,2974198.645,-0.004410088,0.089876375,-0.144781436,#NAME?
1609832178,60205.85393,2974186.224,-0.19132842,-0.714569092,2.033812523,60199.73587,2974199.373,0.003599385,0.004807545,0.063686768,2.007127374,60200.06654,2974198.642,-0.027634757,0.049398191,-0.269970714,#NAME?
1609832178,60205.84561,2974186.239,-0.259784661,-0.832824707,2.033885479,60199.73215,2974199.369,0.004739033,0.005903569,0.027981201,2.007161463,60200.07233,2974198.637,-0.033976627,-0.001516941,-0.314042243,#NAME?
1609832178,60205.83223,2974186.27,-0.315229667,-0.701141357,2.033955812,60199.72852,2974199.365,0.00589133,0.007217052,0.008297363,2.007104471,60200.06566,2974198.625,0.017222086,-0.025487096,-0.363838364,#NAME?
1609832179,60205.82088,2974186.297,-0.355645331,-0.547637939,2.034097433,60199.72924,2974199.366,0.007708917,0.008740007,0.035915771,2.007078372,60200.0809,2974198.622,0.03077299,-0.048600079,-0.442147334,#NAME?
1609832179,60205.80824,2974186.327,-0.39542174,-0.402984619,2.034440517,60199.73009,2974199.367,0.008272313,0.01093709,0.020046631,2.007196084,60200.06572,2974198.604,0.014748142,0.008408294,-0.467218216,#NAME?
1609832179,60205.79432,2974186.36,-0.438121762,-0.401763916,2.03444314,60199.731,2974199.368,0.00927055,0.011652037,0.037136475,2.007210465,60200.06862,2974198.599,0.005861242,0.011803879,-0.440191606,#NAME?
1609832179,60205.77727,2974186.4,-0.482402774,-0.481567383,2.034774303,60199.7321,2974199.369,0.011187367,0.012481645,0.074673096,2.007232303,60200.06773,2974198.623,0.041353334,0.01440301,-0.421319275,#NAME?
1609832179,60205.75259,2974186.458,-0.527246087,-0.46295166,2.034997463,60199.73335,2974199.371,0.012821998,0.014410047,0.022640625,2.007317524,60200.08442,2974198.587,0.008747099,-0.017477156,-0.436549645,#NAME?
1609832179,60205.73164,2974186.508,-0.563599281,-0.480194092,2.035353422,60199.73472,2974199.372,0.013807057,0.015767302,-0.00375708,2.007295686,60200.07495,2974198.599,0.020316465,-0.027059273,-0.481058865,#NAME?
1609832179,60205.7113,2974186.545,-0.642063555,-0.581665039,2.035437584,60199.73621,2974199.374,0.014603944,0.016039629,0.029201904,2.007301545,60200.07961,2974198.593,0.001409084,-0.018836929,-0.502138684,#NAME?
1609832179,60205.68241,2974186.598,-0.742923768,-0.866699219,2.035785437,60199.73522,2974199.372,0.003505037,0.004653558,0.027676025,2.007313796,60200.09157,2974198.582,-0.00876369,-0.034880975,-0.551034564,#NAME?
1609832179,60205.6564,2974186.648,-0.853979163,-1.063537598,2.036142826,60199.73169,2974199.369,0.004748575,0.007064988,0.021725098,2.007303676,60200.07745,2974198.538,-0.044325894,0.008566049,-0.577822601,#NAME?
1609832179,60205.6102,2974186.749,-0.965456551,-1.179962158,2.036543846,60199.7283,2974199.365,0.006052415,0.007544241,0.061245361,2.007348949,60200.05862,2974198.553,0.028128933,0.029625171,-0.6570338,#NAME?
1609832180,60205.56931,2974186.838,-1.069366293,-1.15234375,2.037275553,60199.729,2974199.366,0.007406298,0.008530993,0.046291748,2.007336699,60200.08512,2974198.532,0.029353907,0.008571533,-0.704893718,#NAME?
1609832180,60205.53337,2974186.916,-1.165582513,-1.02645874,2.037858963,60199.72982,2974199.367,0.008365373,0.010443972,-0.023898682,2.007321252,60200.11804,2974198.514,0.034313958,-0.107441464,-0.87703297,#NAME?
1609832180,60205.48488,2974187.021,-1.240459849,-0.936431885,2.038450718,60199.73075,2974199.368,0.009717673,0.01179511,-0.001773438,2.007295153,60200.10284,2974198.529,0.03414641,-0.163432222,-0.914453449,#NAME?
1609832180,60205.4179,2974187.169,-1.283602849,-0.744018555,2.039175034,60199.73182,2974199.369,0.010669734,0.013269282,0.044308105,2.007338829,60200.09614,2974198.511,0.029954613,-0.138617406,-0.857817398,#NAME?
1609832180,60205.37031,2974187.274,-1.286241952,-0.357971191,2.03981781,60199.73298,2974199.37,0.011118947,0.015305419,0.018215576,2.00732072,60200.12393,2974198.53,0.066314813,-0.164340432,-0.71496855,#NAME?
1609832180,60205.32806,2974187.368,-1.281409902,0.031738281,2.040282965,60199.73424,2974199.372,0.012672278,0.016763564,0.052242676,2.007360135,60200.08088,2974198.495,0.079760516,-0.039380945,-0.698094207,#NAME?
1609832180,60205.25524,2974187.535,-1.269417589,0.166320801,2.040602922,60199.73566,2974199.373,0.014339622,0.017855834,0.058346191,2.007381972,60200.12382,2974198.473,0.00057493,-0.095098704,-0.688635301,#NAME?
1609832180,60205.2087,2974187.641,-1.259210128,0.155639648,2.041277885,60199.73474,2974199.373,0.003534169,0.006443493,0.0078396,2.007354808,60200.12831,2974198.526,-0.060374809,-0.096091595,-0.621873877,#NAME?
1609832180,60205.16194,2974187.746,-1.250464951,0.13092041,2.042008162,60199.73133,2974199.369,0.00460771,0.008082457,0.009060303,2.007359602,60200.11026,2974198.509,-0.09166743,-0.119043524,-0.415654283,#NAME?
1609832180,60205.10993,2974187.86,-1.242298913,0.117034912,2.042767048,60199.72803,2974199.365,0.005874035,0.009221261,0.039577881,2.007405408,60200.13642,2974198.501,-0.073878071,-0.137040284,-0.260676693,#NAME?
1609832181,60205.06906,2974187.951,-1.236916772,0.022583008,2.043717861,60199.72871,2974199.366,0.006926182,0.010941863,0.029354492,2.007456541,60200.13748,2974198.487,-0.06857781,-0.084152689,-0.082723977,#NAME?
1609832181,60204.99914,2974188.11,-1.230511904,0.041656494,2.044287682,60199.72952,2974199.368,0.007891862,0.012866222,0.014400879,2.007520989,60200.14455,2974198.503,-0.035144086,-0.138655202,-0.011092056,#NAME?
1609832181,60204.95939,2974188.2,-1.224168883,0.064697266,2.044771433,60199.73043,2974199.369,0.009083221,0.013779055,0.060940186,2.007520989,60200.11668,2974198.518,-0.033024742,-0.070931242,0.095832287,#NAME?
1609832181,60204.90938,2974188.312,-1.214978733,0.081939697,2.045272589,60199.73147,2974199.37,0.010505786,0.014788759,0.051327148,2.007457074,60200.07732,2974198.498,0.003268686,0.051474588,0.180336187,#NAME?
1609832181,60204.86936,2974188.4,-1.203471227,0.092773438,2.046135902,60199.73264,2974199.372,0.011818468,0.016457042,0.010586182,2.007459737,60200.09554,2974198.504,0.051336139,0.07531153,0.273737326,#NAME?
1609832181,60204.80566,2974188.543,-1.179427605,0.115966797,2.046863556,60199.73394,2974199.373,0.012990134,0.01781195,0.034237305,2.007435236,60200.07353,2974198.495,0.083531588,0.124564405,0.143873791,#NAME?
1609832181,60204.76273,2974188.638,-1.166347255,0.100097656,2.04734087,60199.73535,2974199.375,0.014187252,0.018964656,0.036068359,2.007450682,60200.08625,2974198.496,0.009327593,0.021168595,0.052746744,#NAME?
1609832181,60204.72014,2974188.732,-1.152982832,0.095062256,2.047674179,60199.73447,2974199.374,0.00380347,0.006084946,-0.007724365,2.007372918,60200.07681,2974198.512,-0.025295467,0.004197007,-0.068238366,#NAME?
1609832181,60204.6779,2974188.824,-1.138151642,0.12298584,2.048541784,60199.73119,2974199.37,0.004946838,0.007462346,0.057430664,2.00730261,60200.098,2974198.484,-0.066364099,-0.072942612,0.030140586,#NAME?
1609832181,60204.61743,2974188.96,-1.122700164,0.136871338,2.049116135,60199.72803,2974199.366,0.006056077,0.008495698,0.061703125,2.007331905,60200.13765,2974198.483,-0.036399704,-0.159098369,0.033480039,#NAME?
1609832182,60204.57151,2974189.062,-1.105049341,0.177764893,2.049527168,60199.72873,2974199.367,0.007382592,0.009829592,0.008297363,2.007283435,60200.10862,2974198.522,-0.050755001,-0.164835613,0.097282878,#NAME?
1609832182,60204.53529,2974189.143,-1.085620868,0.184173584,2.050022602,60199.72958,2974199.368,0.008866454,0.011134869,0.025387207,2.007290892,60200.11483,2974198.495,-0.045935647,-0.143809636,0.148652308,#NAME?
1609832182,60204.49078,2974189.242,-1.061629559,0.168914795,2.050252199,60199.73058,2974199.369,0.010039916,0.012765562,0.031338135,2.007260532,60200.12356,2974198.508,-0.017682662,-0.097001171,0.131725517,#NAME?
1609832182,60204.45581,2974189.32,-1.036982042,0.24810791,2.050848246,60199.73165,2974199.37,0.010444012,0.014054806,0.011959473,2.007237096,60200.08767,2974198.514,-0.049251664,0.000245941,0.144454479,#NAME?
1609832182,60204.39583,2974189.452,-1.017670147,0.229644775,2.050981283,60199.73282,2974199.372,0.011782964,0.015197732,0.055447021,2.007278109,60200.12001,2974198.467,-0.045157618,0.010616888,0.162025984,#NAME?
1609832182,60204.35874,2974189.536,-1.020692664,0.156555176,2.051258326,60199.73416,2974199.373,0.013588252,0.016935693,0.046749512,2.007247217,60200.09171,2974198.507,-0.036473018,0.058665236,0.228396677,#NAME?
1609832182,60204.31767,2974189.623,-1.010898302,0.135650635,2.051891565,60199.73561,2974199.375,0.014122671,0.018372826,0.015163818,2.007227509,60200.1001,2974198.494,-0.018096226,0.026767893,0.366661062,#NAME?
1609832182,60204.27602,2974189.71,-1.011592362,0.023956299,2.052542448,60199.73468,2974199.374,0.003445876,0.004870848,0.042934814,2.007156669,60200.13219,2974198.521,0.052421583,-0.059666201,0.361316379,#NAME?
1609832182,60204.21804,2974189.834,-1.009254284,-0.122375488,2.05284071,60199.73127,2974199.37,0.004587109,0.00629157,0.020656982,2.007156669,60200.09968,2974198.504,0.079139715,-0.032487388,0.411454993,#NAME?
1609832182,60204.17621,2974189.926,-1.004487393,0.018920898,2.052951574,60199.72801,2974199.365,0.006115425,0.008254219,0.00127832,2.007172648,60200.10113,2974198.574,0.125134036,-0.118463526,0.213249429,#NAME?
1609832183,60204.14254,2974189.999,-1.003501115,-0.027923584,2.053119183,60199.72874,2974199.366,0.007411343,0.009686462,0.045528809,2.007202475,60200.06927,2974198.526,0.069098733,0.0396663,0.09995624,#NAME?
1609832183,60204.10051,2974190.091,-1.007437261,-0.039520264,2.053817511,60199.72957,2974199.367,0.008384534,0.010365198,0.042019287,2.007232835,60200.06038,2974198.523,0.034911161,0.058353101,-0.12880877,#NAME?
1609832183,60204.06284,2974190.173,-1.016242344,-0.086975098,2.054129601,60199.73049,2974199.368,0.009542213,0.011658125,0.011349121,2.007169985,60200.06449,2974198.489,-0.0418999,0.161872159,-0.183635241,#NAME?
1609832183,60204.01251,2974190.285,-1.027115989,-0.108642578,2.054382086,60199.73157,2974199.37,0.011139414,0.01322702,0.019894043,2.007175844,60200.0583,2974198.522,-0.065743685,0.095996355,-0.146396333,#NAME?
1609832183,60203.97055,2974190.379,-1.037977828,-0.171051025,2.054584503,60199.73282,2974199.371,0.012871326,0.014676708,0.018825928,2.007111395,60200.07227,2974198.535,-0.031794432,0.003042417,-0.069968959,#NAME?
1609832183,60203.93666,2974190.455,-1.040251294,-0.135955811,2.054983616,60199.7342,2974199.373,0.013472734,0.016100112,0.020504395,2.007097014,60200.06185,2974198.553,-0.01172081,-0.050483973,0.090487327,#NAME?
1609832183,60203.87174,2974190.584,-1.054102199,-0.135650635,2.055338144,60199.73568,2974199.374,0.014586031,0.017375998,0.051479736,2.007082633,60200.10365,2974198.537,0.059298887,-0.131706977,0.009223512,#NAME?
1609832183,60203.83322,2974190.657,-1.070563047,-0.183410645,2.055608749,60199.73481,2974199.373,0.00456488,0.005046593,0.034084717,2.007032033,60200.06633,2974198.526,0.016657724,-0.05156161,-0.035225164,#NAME?
1609832183,60203.79022,2974190.742,-1.089124157,-0.179748535,2.055930614,60199.73153,2974199.369,0.006057933,0.006285798,0.005245605,2.007122581,60200.08634,2974198.519,-0.000754127,-0.07407475,-0.188392283,#NAME?
1609832183,60203.74868,2974190.831,-1.108865238,-0.195007324,2.056390285,60199.72835,2974199.365,0.006891108,0.007717375,0.023098389,2.007120983,60200.10913,2974198.508,-0.033557414,-0.058589495,-0.171269465,#NAME?
1609832184,60203.68756,2974190.962,-1.12844404,-0.205230713,2.056739569,60199.7291,2974199.366,0.007604151,0.009017345,0.022945801,2.007169452,60200.10046,2974198.49,-0.022265256,-0.080728474,-0.084456103,#NAME?
1609832184,60203.64428,2974191.055,-1.148642552,-0.225372314,2.057223797,60199.72999,2974199.367,0.009243187,0.010788788,0.022182861,2.007218454,60200.07755,2974198.526,0.036017851,-0.049964505,-0.07058699,#NAME?
1609832184,60203.605,2974191.138,-1.166376744,-0.311279297,2.057632923,60199.73103,2974199.368,0.010526459,0.012236481,0.064754883,2.007133766,60200.07433,2974198.503,0.030202876,0.027440961,-0.141464746,#NAME?
1609832184,60203.55515,2974191.244,-1.184359391,-0.204467773,2.057886362,60199.73219,2974199.369,0.011611681,0.013535478,0.019741455,2.007109265,60200.07911,2974198.473,-0.009648368,0.051973355,-0.208681376,#NAME?
1609832184,60203.48989,2974191.384,-1.203285904,-0.151519775,2.058495045,60199.73345,2974199.371,0.01291013,0.014652024,0.007229248,2.007155604,60200.06038,2974198.517,-0.003661603,0.047433968,-0.248726878,#NAME?
1609832184,60203.444,2974191.482,-1.214203679,-0.214385986,2.058782339,60199.73486,2974199.372,0.014310868,0.016238101,0.028438965,2.007124711,60200.0682,2974198.484,-0.021948226,0.041844002,-0.222016959,#NAME?
1609832184,60203.39079,2974191.591,-1.227175243,-0.139923096,2.059111834,60199.73641,2974199.374,0.01536732,0.018170422,0.018062988,2.007107667,60200.05187,2974198.477,-0.020520563,0.060973396,-0.179789335,#NAME?
1609832184,60203.34769,2974191.678,-1.229376889,-0.133666992,2.059650898,60199.73548,2974199.373,0.003992554,0.005841515,0.005703369,2.007124178,60200.05411,2974198.472,0.005668721,0.061633075,-0.155539487,#NAME?
1609832184,60203.29421,2974191.788,-1.210459717,0.006103516,2.060144663,60199.73194,2974199.369,0.00538409,0.00694358,0.060024658,2.007124178,60200.08022,2974198.47,-0.007058104,-0.018837616,-0.219329799,#NAME?
1609832184,60203.22739,2974191.93,-1.183235066,0.196380615,2.060587883,60199.72853,2974199.365,0.006655688,0.008772106,0.036220947,2.007142821,60200.05776,2974198.464,-0.061840385,-0.024061429,-0.221096125,#NAME?
1609832185,60203.1824,2974192.026,-1.138192377,0.28213501,2.06083703,60199.7293,2974199.366,0.007953981,0.01020354,0.00417749,2.007150277,60200.05095,2974198.472,-0.070920861,-0.036208126,-0.211214437,#NAME?
1609832185,60203.14396,2974192.109,-1.059179104,0.574188232,2.061001301,60199.7302,2974199.367,0.009271343,0.011280886,0.027065674,2.007209932,60200.06529,2974198.452,-0.109364084,-0.007963201,-0.044612276,#NAME?
1609832185,60203.09496,2974192.215,-0.974812095,0.86227417,2.061534405,60199.73121,2974199.369,0.010188013,0.013182454,0.015163818,2.007264793,60200.0588,2974198.425,-0.090775546,0.021879294,0.068167412,#NAME?
1609832185,60203.05824,2974192.295,-0.880487769,0.901641846,2.061658382,60199.73235,2974199.37,0.01141452,0.01515756,0.02080957,2.00730048,60200.08898,2974198.435,-0.089964066,-0.041130718,0.193874734,#NAME?
1609832185,60203.01091,2974192.399,-0.777922506,1.073608398,2.061808109,60199.73363,2974199.371,0.012921693,0.016225705,0.051174561,2.007313796,60200.07215,2974198.468,-0.177154042,-0.042270706,0.438234822,#NAME?
1609832185,60202.97982,2974192.468,-0.671056459,1.077270508,2.062057972,60199.73504,2974199.373,0.013662265,0.017492186,0.036678711,2.007336699,60200.08113,2974198.445,-0.077556429,-0.071131078,0.612294978,#NAME?
1609832185,60202.95553,2974192.515,-0.558993189,1.15234375,2.062391281,60199.73654,2974199.375,0.014965179,0.019301254,0.005855957,2.00723177,60200.05919,2974198.481,-0.09338116,-0.014640201,0.859867248,#NAME?
1609832185,60202.92728,2974192.569,-0.44559368,1.169128418,2.062708855,60199.73554,2974199.374,0.004116102,0.005909691,0.033474365,2.007238694,60200.05628,2974198.482,-0.059743239,0.022049957,0.970973845,#NAME?
1609832185,60202.91118,2974192.601,-0.331723828,1.15814209,2.062809467,60199.73196,2974199.37,0.005369919,0.007517359,0.025692383,2.007162528,60200.08488,2974198.505,-0.013458256,-0.062419269,1.081575351,#NAME?
1609832185,60202.89438,2974192.642,-0.217780625,1.220855713,2.062892675,60199.72848,2974199.366,0.006103149,0.009418202,0.012569824,2.007172648,60200.04446,2974198.537,-0.051887552,-0.041998868,1.070840306,#NAME?
1609832186,60202.88919,2974192.657,-0.104613487,1.182403564,2.062875986,60199.72921,2974199.367,0.00760928,0.010665909,0.042782227,2.007173181,60200.05585,2974198.518,-0.060134831,-0.054171586,0.992404562,#NAME?
1609832186,60202.88726,2974192.665,-0.027317688,1.164703369,2.062907457,60199.7301,2974199.368,0.009183197,0.012370079,0.046749512,2.007268522,60200.02905,2974198.504,-0.109056209,0.088247697,0.914986423,#NAME?
1609832186,60202.88999,2974192.665,-0.06520423,1.179351807,2.062927723,60199.73112,2974199.369,0.010220387,0.014048185,0.013637939,2.007313263,60200.03096,2974198.512,-0.123197107,0.104956412,0.996454023,#NAME?
1609832186,60202.89394,2974192.662,-0.040915219,0.219116211,2.062981606,60199.73228,2974199.371,0.011962407,0.015001277,0.028438965,2.007257337,60200.00686,2974198.517,-0.081820137,0.174194028,1.140291908,#NAME?
1609832186,60202.89912,2974192.66,-0.02817988,-0.285644531,2.062944651,60199.7336,2974199.372,0.01330967,0.016326081,0.018520752,2.007190757,60200.00982,2974198.539,-0.013324723,0.115876773,1.196762994,#NAME?
1609832186,60202.90128,2974192.661,-0.02555789,-0.277557373,2.062932968,60199.73506,2974199.374,0.014346045,0.018220905,0.022335449,2.007215791,60199.97046,2974198.527,0.108097828,0.196564876,1.055434387,#NAME?
1609832186,60202.90105,2974192.664,-0.022076647,0.034637451,2.062984705,60199.73665,2974199.376,0.015708411,0.019622333,0.063229004,2.007220585,60199.9799,2974198.531,0.170666185,0.152287083,0.722291796,#NAME?
1609832186,60202.90058,2974192.666,-0.020983144,0.086212158,2.062973976,60199.73572,2974199.374,0.004424642,0.005446801,0.042324463,2.007326579,60199.9902,2974198.533,0.148231915,0.1269458,0.368150627,#NAME?
1609832186,60202.90059,2974192.668,-0.021920434,0.048675537,2.062929392,60199.73214,2974199.37,0.005538116,0.006835144,-0.003909668,2.007392092,60200.00733,2974198.538,0.078481455,-0.004869484,0.093845961,#NAME?
1609832186,60202.90295,2974192.67,-0.023243195,0.009460449,2.062941551,60199.72868,2974199.366,0.006689748,0.008168668,0.007534424,2.007418191,60200.00191,2974198.534,0.017027008,-0.032222444,-0.018084586,#NAME?
1609832187,60202.90462,2974192.671,-0.024143302,-0.057525635,2.062926054,60199.72945,2974199.367,0.008059691,0.009703007,0.039730469,2.007405408,60199.98375,2974198.532,0.000399068,0.005092979,-0.075654075,#NAME?
1609832187,60202.90596,2974192.673,-0.023098173,0.026702881,2.062852621,60199.73036,2974199.368,0.009316918,0.011445119,0.029049316,2.007310067,60200.01072,2974198.537,-0.019116827,-0.003564735,-0.041840574,#NAME?
1609832187,60202.90786,2974192.674,-0.023867303,0.066680908,2.062860012,60199.73142,2974199.369,0.010557935,0.012518681,0.055904785,2.007335101,60200.0129,2974198.545,-0.00040385,-0.010633643,-0.037931609,#NAME?
1609832187,60202.9096,2974192.675,-0.025560264,-0.017700195,2.06289959,60199.7326,2974199.37,0.01209871,0.013495679,0.038814941,2.00737345,60199.99937,2974198.541,-0.00075196,-0.006076567,0.011408243,#NAME?
1609832187,60202.91208,2974192.677,-0.026839659,-0.01663208,2.062913418,60199.73395,2974199.372,0.013521186,0.014808785,0.022640625,2.007384103,60199.9942,2974198.539,0.011435979,0.049776462,-0.015123764,#NAME?
1609832187,60202.91416,2974192.679,-0.005390383,0.019989014,2.063017845,60199.73541,2974199.373,0.014725841,0.016036842,0.033932129,2.007392092,60200.0126,2974198.544,0.003643235,0.045766659,-0.020226899,#NAME?
1609832187,60202.91085,2974192.675,-0.005588784,0.012512207,2.06302309,60199.73698,2974199.375,0.015682243,0.01709518,0.022793213,2.007468792,60200.01162,2974198.545,0.000001032,0.029976245,-0.009882558,#NAME?
1609832187,60202.90713,2974192.671,-0.006172657,-0.001220703,2.06301403,60199.73599,2974199.373,0.003945309,0.004610861,0.001888672,2.007423518,60200.02047,2974198.557,0.010350022,-0.022078628,0.011966139,#NAME?
1609832187,60202.9041,2974192.668,-0.006034017,0.004272461,2.062985897,60199.73228,2974199.369,0.005104551,0.00570203,0.058498779,2.007391027,60200.00125,2974198.543,0.007978455,0.007817112,0.009684424,#NAME?
1609832187,60202.90488,2974192.668,-0.007490382,0.033874512,2.06297183,60199.72869,2974199.365,0.006439518,0.006905123,0.047817627,2.007359602,60200.00882,2974198.54,0.003612299,-0.005411312,0.001645596,#NAME?
1609832188,60202.90561,2974192.668,-0.007551546,0.005645752,2.062958002,60199.72944,2974199.366,0.008002648,0.008184876,0.003261963,2.007319654,60199.99654,2974198.539,0.004079958,0.034834665,-0.001015653,#NAME?
1609832188,60202.90616,2974192.668,-0.008467237,-0.027008057,2.062953234,60199.73035,2974199.367,0.009181548,0.008973294,0.020962158,2.007308469,60199.99576,2974198.537,0.002492637,0.021588483,0.002944307,#NAME?
1609832188,60202.90693,2974192.669,-0.009453674,0.003356934,2.062903643,60199.73136,2974199.368,0.010471534,0.010702457,0.026760498,2.007311132,60200.01376,2974198.542,0.00310377,-0.007128353,-0.02026546,#NAME?
1609832188,60202.90773,2974192.669,-0.009296695,0.034484863,2.062855244,60199.73251,2974199.369,0.011413013,0.012273791,0.020656982,2.007327644,60200.00293,2974198.536,-0.007014944,0.001925219,-0.021028801,#NAME?
1609832188,60202.90891,2974192.669,-0.010012533,0.012207031,2.062840462,60199.7338,2974199.37,0.012906636,0.013283492,0.058956543,2.007296751,60199.99206,2974198.533,-0.007660966,0.025585339,-0.03221625,#NAME?
1609832188,60202.90987,2974192.67,-0.001681309,0.012359619,2.062868595,60199.7352,2974199.371,0.014464634,0.014430572,0.027676025,2.007370787,60200.01206,2974198.537,-0.015121681,0.020831264,-0.011211047,#NAME?
1609832188,60202.90707,2974192.668,-0.002122595,0.013580322,2.062850952,60199.73683,2974199.373,0.016339211,0.017573662,0.02080957,2.007400082,60200.0189,2974198.543,-0.006667127,-0.013046579,-0.016017391,#NAME?
1609832188,60202.90356,2974192.665,-0.001708719,-0.009002686,2.062829256,60199.73581,2974199.372,0.003054942,0.005583306,0.031948486,2.007373983,60200.0147,2974198.54,-0.010971741,-0.033723319,0.003023864,#NAME?
1609832188,60202.90111,2974192.663,-0.00170318,0.007019043,2.062806845,60199.73205,2974199.368,0.003926296,0.006183998,0.07146875,2.00730048,60200.01202,2974198.536,-0.006955189,-0.031230766,0.029333614,#NAME?
1609832188,60202.90126,2974192.663,-0.001761877,0.018463135,2.062768936,60199.72839,2974199.365,0.004352208,0.011856765,0.126095215,2.00739369,60199.99661,2974198.538,0.011605893,0.015284112,0.056654933,#NAME?
1609832189,60202.90138,2974192.663,-0.003001778,0.007324219,2.062780142,60199.7286,2974199.367,-0.002315491,0.026642185,0.537777344,2.007724455,60200.00548,2974198.542,0.021663572,-0.000626396,0.167971915,#NAME?
1609832189,60202.90165,2974192.663,-0.003613858,0.01739502,2.062877655,60199.7275,2974199.372,-0.025835671,0.076423511,1.204128662,2.008619277,60200.00455,2974198.568,0.084573675,-0.022940591,0.30829269,#NAME?
1609832189,60202.90202,2974192.663,-0.003491127,-0.005645752,2.062852621,60199.72314,2974199.385,-0.070525602,0.179563478,1.485042969,2.011153541,60199.97405,2974198.592,0.168441623,-0.005669992,0.513154586,#NAME?
1609832189,60202.90233,2974192.663,-0.004811918,-0.003662109,2.062912703,60199.7134,2974199.409,-0.14098528,0.297110021,1.489162842,2.01556853,60199.9684,2974198.63,0.278528143,-0.011495916,0.588224226,#NAME?
1609832189,60202.90293,2974192.663,-0.005022817,0.032958984,2.062913418,60199.6968,2974199.446,-0.210442454,0.425640464,1.58330957,2.021667169,60199.99129,2974198.675,0.34203195,-0.082787741,0.606561522,2.008649848
1609832189,60202.90343,2974192.663,-0.000165063,0.01373291,2.062875509,60199.67426,2974199.497,-0.270803601,0.559438586,1.437893311,2.030019374,60199.95547,2974198.707,0.396143179,-0.085643099,0.714638557,1.926324471
1609832189,60202.90167,2974192.663,-0.001100604,-0.001373291,2.062857389,60199.64606,2974199.56,-0.335171849,0.676365733,1.372890869,2.040268816,60199.93038,2974198.791,0.529351096,-0.106335677,0.91540389,1.88604667
1609832189,60202.89979,2974192.662,-0.001918851,0.006103516,2.062904835,60199.60769,2974199.638,-0.433348358,0.79375577,1.197414795,2.051073261,60199.89715,2974198.872,0.692650026,-0.043605516,1.263374724,1.881533448
1609832189,60202.89917,2974192.662,-0.003139508,-0.000305176,2.062871695,60199.55865,2974199.73,-0.500912488,0.885580003,1.003017822,2.061308321,60199.89138,2974199.005,0.931208789,-0.1688661,1.491607502,1.85709265
1609832189,60202.89952,2974192.662,-0.004266997,0.002441406,2.062929392,60199.50484,2974199.831,-0.537692904,0.974154353,0.855007568,2.072664573,60199.8348,2974199.127,1.135727282,-0.181334948,1.473644063,1.857006463
1609832190,60202.89982,2974192.663,-0.004676309,0.02243042,2.06289959,60199.45216,2974199.934,-0.591366172,1.034273505,0.808315674,2.08478888,60199.80738,2974199.217,1.218992999,-0.216114546,1.368221056,1.848959016
1609832190,60202.90018,2974192.663,-0.005593316,0.021362305,2.062941074,60199.39241,2974200.042,-0.668925464,1.076472998,0.688381592,2.094498233,60199.70449,2974199.336,1.328309402,-0.024693666,1.153645999,1.881115684
1609832190,60202.90056,2974192.663,-0.006332595,-0.0050354,2.062951088,60199.32684,2974200.154,-0.707691669,1.127313972,0.492763916,2.101014455,60199.61979,2974199.459,1.384675031,0.116904274,1.070909651,1.917489982
1609832190,60202.90098,2974192.664,-0.007114962,0.001525879,2.062982082,60199.25932,2974200.272,-0.720951259,1.172333717,0.26174585,2.105563667,60199.57043,2974199.58,1.457126125,0.19240188,0.855941078,1.938444526
1609832190,60202.9015,2974192.664,-0.00760397,0.003204346,2.062954426,60199.19016,2974200.393,-0.743557274,1.178825617,0.064297119,2.107747992,60199.50016,2974199.707,1.475189704,0.178385403,0.557537702,1.955957577
1609832190,60202.90194,2974192.665,-0.002649296,0.005950928,2.062955379,60199.11866,2974200.513,-0.760979831,1.169558167,0.063991943,2.106416944,60199.44115,2974199.813,1.41214156,0.13061143,0.376224887,1.974670998
1609832190,60202.90093,2974192.664,-0.002878268,0.027923584,2.062994242,60199.04698,2974200.633,-0.750787795,1.178186178,0.00417749,2.102983064,60199.38409,2974199.955,1.425001818,0.088238143,0.111880313,1.987574618
1609832190,60202.89987,2974192.664,-0.003596553,0.015869141,2.062977791,60198.98276,2974200.756,-0.709779382,1.195498466,0.033626953,2.098014138,60199.29354,2974200.043,1.357053841,0.151601,0.059389443,2.010240875
1609832190,60202.89897,2974192.663,-0.004689038,0.003356934,2.062967777,60198.9259,2974200.881,-0.704206944,1.198792815,-0.034579834,2.092992481,60199.22664,2974200.16,1.351433379,0.15881707,-0.054209957,2.027326474
1609832190,60202.89933,2974192.664,-0.005373662,0.014801025,2.062959671,60198.86949,2974201.006,-0.698129177,1.199575186,0.006313721,2.088317036,60199.17534,2974200.293,1.334076065,0.147427277,0.103545353,2.039371393
1609832191,60202.89971,2974192.664,-0.005924247,0.002746582,2.062982082,60198.80411,2974201.128,-0.692919433,1.199661016,-0.045871338,2.084213637,60199.10391,2974200.437,1.412838747,0.073602886,0.171540116,2.047777944
1609832191,60202.90009,2974192.664,-0.006574614,-0.006561279,2.06296134,60198.73905,2974201.251,-0.688836157,1.194292188,-0.054874023,2.079917958,60199.03907,2974200.559,1.448672744,0.032082289,0.103596663,2.054954369
1609832191,60202.90051,2974192.665,-0.007361985,0.022125244,2.062955856,60198.67515,2974201.373,-0.670444667,1.195738196,-0.152988037,2.075293646,60198.97413,2974200.651,1.394349791,0.075211798,-0.087789718,2.06659364
1609832191,60202.90098,2974192.665,-0.007941689,0.018310547,2.062902689,60198.6131,2974201.495,-0.655540347,1.191776037,-0.190677246,2.070963346,60198.90965,2974200.77,1.331305807,0.102605947,-0.163672171,2.075822238
1609832191,60202.90215,2974192.666,-0.008658719,0.002593994,2.06287384,60198.55188,2974201.615,-0.6503824,1.178002119,-0.160922607,2.066573923,60198.87703,2974200.921,1.326691238,0.02325206,-0.14128378,2.074453922
1609832191,60202.90202,2974192.666,-0.002547153,0.004882813,2.062901735,60198.49152,2974201.735,-0.63553524,1.167716861,-0.156344971,2.0622612,60198.81173,2974201.021,1.322503148,0.006903158,-0.100416012,2.077610424
1609832191,60202.89973,2974192.664,-0.003392624,0.00579834,2.062885046,60198.43307,2974201.854,-0.614337504,1.162451863,-0.103702148,2.058120518,60198.76583,2974201.141,1.315882409,-0.047874136,-0.161535509,2.078930508
1609832191,60202.89944,2974192.663,-0.004159344,-0.001983643,2.062819481,60198.37817,2974201.976,-0.59307152,1.167966723,-0.146426758,2.05430474,60198.70238,2974201.253,1.272565471,0.017894735,-0.20421198,2.080390205
1609832191,60202.89944,2974192.663,-0.004624071,0.022888184,2.062786579,60198.3262,2974202.101,-0.582437754,1.158231139,-0.132083496,2.050368056,60198.67487,2974201.366,1.237099075,-0.048416651,-0.235792777,2.074894813
1609832191,60202.90079,2974192.664,-0.005167719,0.015563965,2.062758923,60198.2753,2974202.225,-0.570934951,1.150312543,-0.186252197,2.047258549,60198.60019,2974201.467,1.21672624,0.010021078,-0.171469977,2.07084631
1609832192,60202.90091,2974192.664,-0.005896901,0.015869141,2.062740326,60198.2227,2974202.342,-0.560170829,1.139963269,-0.170688232,2.044878215,60198.54254,2974201.59,1.230273144,0.006885911,-0.03068869,2.0651615
1609832192,60202.90091,2974192.664,-0.006379981,0.015563965,2.062708378,60198.17124,2974202.457,-0.546570718,1.128453851,-0.152225098,2.043029449,60198.5017,2974201.721,1.278108514,0.012725821,-0.001426548,2.053664854
1609832192,60202.90222,2974192.665,-0.006891321,-0.000457764,2.06265974,60198.12115,2974202.571,-0.533530831,1.118601084,-0.155887207,2.041508251,60198.43622,2974201.81,1.262851215,0.033733555,-0.041344037,2.041690367
1609832192,60202.90266,2974192.665,-0.007717196,-0.005645752,2.062652349,60198.07203,2974202.685,-0.525887072,1.10685277,-0.140323242,2.040339124,60198.40002,2974201.924,1.233015776,-0.00319699,-0.24808094,2.023373221
1609832192,60202.90246,2974192.664,-0.008808052,0.006256104,2.062697172,60198.02354,2974202.797,-0.519894123,1.095555425,-0.11301001,2.039332981,60198.36522,2974202.016,1.135702799,0.003544795,-0.314023539,2.008010407
1609832192,60202.90178,2974192.664,-0.002023091,0.003509521,2.062721014,60197.97571,2974202.908,-0.511903703,1.086715817,-0.082950195,2.038481302,60198.30223,2974202.111,1.100250728,0.010451321,-0.34825858,1.992401133
1609832192,60202.90178,2974192.664,-0.00238442,0.015411377,2.062721014,60197.92868,2974203.018,-0.503460169,1.082789421,0.036220947,2.037829893,60198.25831,2974202.217,1.075877559,0.021495523,-0.248276761,1.976072692
1609832192,60202.90037,2974192.663,-0.003507685,0.013427734,2.06262207,60197.87839,2974203.124,-0.516529381,1.066944718,0.023250977,2.036867959,60198.22362,2974202.318,1.078657594,0.015388257,-0.102613636,1.956435291
1609832192,60202.90048,2974192.663,-0.003795595,0.001983643,2.062581062,60197.8241,2974203.226,-0.518497765,1.07164979,0.129299561,2.036104697,60198.16263,2974202.432,1.126746733,-0.008410365,0.067041377,1.952598573
1609832192,60202.90048,2974192.663,-0.003883692,-0.010375977,2.062577724,60197.76933,2974203.329,-0.524132371,1.080489278,0.090694824,2.035270595,60198.12815,2974202.561,1.186704285,-0.068254594,0.152568546,1.945503864
1609832193,60202.90113,2974192.663,-0.004414692,0.023651123,2.062627792,60197.72059,2974203.439,-0.524429619,1.092383623,0.151424805,2.034605338,60198.09952,2974202.664,1.205275016,-0.107525231,0.18727923,1.942440045
1609832193,60202.90187,2974192.663,-0.004847726,0.022888184,2.062606573,60197.6718,2974203.551,-0.527788699,1.104888082,0.141354004,2.034047139,60198.03474,2974202.778,1.232993643,-0.103216547,0.151058846,1.939883295
1609832193,60202.90216,2974192.663,-0.005646206,0.016937256,2.062625647,60197.62251,2974203.664,-0.5336622,1.118216991,0.193844238,2.033251387,60197.98255,2974202.895,1.236189714,-0.065229556,0.005330556,1.935522945
1609832193,60202.90282,2974192.663,-0.005986997,0.000762939,2.062626362,60197.57284,2974203.779,-0.537043214,1.13386333,0.152950684,2.032533398,60197.95623,2974202.97,1.16048863,-0.025559565,-0.109865495,1.933847091
1609832193,60202.90129,2974192.662,-0.006208151,-0.005187988,2.062644482,60197.52265,2974203.895,-0.544530153,1.146986604,0.133877197,2.031934187,60197.92088,2974203.09,1.12942966,-0.059775596,-0.163236012,1.928860779
1609832193,60202.90129,2974192.662,-0.000697091,-0.015716553,2.062576771,60197.47192,2974204.013,-0.549384832,1.162112594,0.145931641,2.031267332,60197.83795,2974203.197,1.122591449,0.007829383,0.027120504,1.93816692
1609832193,60202.89915,2974192.662,-0.001504311,0.005950928,2.062545776,60197.42068,2974204.132,-0.555592597,1.177648425,0.171413818,2.030589291,60197.80224,2974203.316,1.196021188,-0.004119274,0.188977358,1.947189077
1609832193,60202.89953,2974192.662,-0.001883586,0.016326904,2.06256938,60197.36666,2974204.244,-0.570962071,1.156670213,0.197658936,2.029556517,60197.72754,2974203.431,1.267189905,0.074249462,0.342242004,1.956361484
1609832193,60202.89995,2974192.662,-0.002025942,0.025939941,2.062622547,60197.30969,2974204.348,-0.578523457,1.173087239,0.13296167,2.028785266,60197.68493,2974203.571,1.333541075,-0.000440373,0.407105515,1.957692231
1609832193,60202.89995,2974192.662,-0.002596171,0.01663208,2.062635899,60197.25161,2974204.454,-0.592598438,1.185833335,0.213375488,2.027909086,60197.63068,2974203.697,1.386260195,-0.011042895,0.332803207,1.962084626
1609832194,60202.90078,2974192.662,-0.002813069,0.003356934,2.06268549,60197.19607,2974204.575,-0.598308861,1.202218533,0.183163086,2.02722412,60197.59711,2974203.817,1.376952645,-0.103731813,0.277274575,1.961452016
1609832194,60202.90112,2974192.662,-0.003800785,-0.012207031,2.062673092,60197.1404,2974204.699,-0.597742736,1.222055197,0.166378418,2.026699478,60197.54418,2974203.958,1.394095321,-0.128823663,0.218389705,1.958960466
1609832194,60202.90004,2974192.662,-0.004256497,0.022888184,2.062703371,60197.08459,2974204.824,-0.604519367,1.236973286,0.123958984,2.025968174,60197.45194,2974204.075,1.407912955,-0.043920328,0.23188032,1.964968893
1609832194,60202.90004,2974192.662,-0.004139859,0.01159668,2.062715769,60197.02796,2974204.951,-0.611173809,1.247951269,0.086117188,2.0250872,60197.3668,2974204.185,1.429951799,0.098886781,0.089182311,1.977148326
1609832194,60202.90004,2974192.662,-0.004983858,0.006561279,2.062700748,60196.97114,2974205.078,-0.611772954,1.259502172,0.150509277,2.024634463,60197.36305,2974204.315,1.37463547,0.059036932,-0.083795513,1.979718666
1609832194,60202.8989,2974192.662,-0.000848722,0.007324219,2.062725306,60196.91412,2974205.207,-0.615365326,1.267277837,0.156307617,2.024118342,60197.30352,2974204.423,1.304626975,0.026489718,-0.210657246,1.982663598
1609832194,60202.8989,2974192.662,-0.001465418,0.00579834,2.062745094,60196.85683,2974205.336,-0.616720438,1.272012115,0.14165918,2.023388636,60197.2477,2974204.544,1.270209845,-0.058920983,-0.13382839,1.987528872
1609832194,60202.8989,2974192.662,-0.001600159,-0.018920898,2.062771082,60196.79904,2974205.463,-0.619102836,1.264260411,0.135250488,2.022427235,60197.17005,2974204.671,1.310084463,0.023235173,0.053591448,1.995107513
1609832194,60202.89941,2974192.662,-0.001918683,0.016326904,2.062772751,60196.74094,2974205.586,-0.618559778,1.273098588,0.058041016,2.021953192,60197.13483,2974204.819,1.381022933,-0.032659949,0.15824763,1.998640021
1609832194,60202.89941,2974192.662,-0.0024082,0.016937256,2.062772274,60196.6828,2974205.71,-0.619450629,1.28107655,0.060024658,2.021450387,60197.10283,2974204.947,1.403856175,-0.102896458,0.222689842,1.992148128
1609832195,60202.89941,2974192.662,-0.002620709,0.003051758,2.062732697,60196.62513,2974205.841,-0.622043669,1.284178853,0.059566895,2.020717485,60197.02769,2974205.083,1.443230629,-0.133015792,0.212004959,1.989598216
1609832195,60202.90019,2974192.662,-0.00307321,0.004119873,2.062761068,60196.56713,2974205.972,-0.62556386,1.289289117,0.048885742,2.020028792,60196.94214,2974205.211,1.465042073,-0.039606228,0.23696059,1.996795567
1609832195,60202.90019,2974192.662,-0.003282677,0.008544922,2.062735558,60196.50892,2974206.103,-0.626715124,1.296179533,0.053463379,2.019538238,60196.88647,2974205.341,1.489960897,0.03968402,0.118141529,1.998415295
1609832195,60202.90056,2974192.662,-0.004043863,-0.006256104,2.062811613,60196.45088,2974206.236,-0.62314868,1.30028677,0.019131104,2.019179243,60196.85822,2974205.472,1.449115893,-0.001101391,-0.026112977,1.994865919
1609832195,60202.90056,2974192.662,-0.004400548,0.019378662,2.062816381,60196.39321,2974206.368,-0.620262682,1.305515885,0.021419922,2.01856139,60196.79435,2974205.589,1.393937378,-0.028714032,-0.114018717,1.995369147
1609832195,60202.89826,2974192.662,-0.000918109,0.020599365,2.062908649,60196.33571,2974206.501,-0.619395375,1.308728933,-0.037326416,2.017921699,60196.75102,2974205.731,1.378334005,-0.094748467,-0.098885535,1.987983028
1609832195,60202.89805,2974192.662,-0.001463636,0.006866455,2.062940598,60196.27838,2974206.635,-0.617776632,1.308175564,-0.128421387,2.017647393,60196.66365,2974205.845,1.38513935,0.008286212,0.06393252,1.989217104
1609832195,60202.89805,2974192.662,-0.001722735,0.006256104,2.062897444,60196.22382,2974206.763,-0.600893438,1.282350898,-0.159549316,2.01697894,60196.56887,2974205.981,1.456377924,0.08973252,0.131205897,1.998301093
1609832195,60202.89815,2974192.662,-0.002097811,-0.000610352,2.062831879,60196.17249,2974206.887,-0.593475938,1.264841557,-0.177096924,2.01637387,60196.53944,2974206.124,1.475385244,0.077376334,0.082372384,1.995601083
1609832195,60202.89826,2974192.662,-0.002160957,-0.011749268,2.062824965,60196.12216,2974207.009,-0.57978195,1.244977117,-0.166110596,2.015852955,60196.5367,2974206.254,1.43584951,-0.091898775,-0.23113744,1.983337217
1609832196,60202.89831,2974192.662,-0.002309964,0.021820068,2.062841415,60196.06918,2974207.134,-0.565007925,1.229907393,-0.092868408,2.015500353,60196.47889,2974206.341,1.296018822,-0.166815791,-0.495850225,1.979784832
1609832196,60202.89839,2974192.662,-0.002170096,0.012969971,2.062886715,60196.01761,2974207.259,-0.552695632,1.210875154,-0.181827148,2.015193557,60196.44987,2974206.455,1.180124096,-0.204924345,-0.594483455,1.969987945
1609832196,60202.89851,2974192.662,-0.002376942,0.009765625,2.062905788,60195.96677,2974207.381,-0.545123816,1.190101504,-0.086459717,2.014637489,60196.38149,2974206.56,1.13174466,-0.07051704,-0.353934139,1.966426329
1609832196,60202.89863,2974192.663,-0.002799897,0.008392334,2.062922955,60195.91706,2974207.501,-0.529738247,1.173335791,-0.187167725,2.014286484,60196.30823,2974206.69,1.208336966,-0.008415914,-0.076447326,1.968721955
1609832196,60202.89877,2974192.663,-0.002988493,0.003967285,2.062954903,60195.8688,2974207.619,-0.516210973,1.151300073,-0.300540527,2.014154924,60196.26262,2974206.815,1.279851137,0.035384376,0.112979902,1.972309973
1609832196,60202.89896,2974192.663,-0.000951636,0.006103516,2.062908649,60195.82171,2974207.735,-0.503127754,1.121336579,-0.497989258,2.013963176,60196.20457,2974206.923,1.314798504,0.047722607,0.091938201,1.973047648
1609832196,60202.89827,2974192.663,-0.001157575,0.025787354,2.062875986,60195.77637,2974207.846,-0.47694844,1.078737974,-0.690097412,2.013545592,60196.1418,2974207.036,1.303975728,0.048058492,-0.052865269,1.979762057
1609832196,60202.89769,2974192.662,-0.001736783,0.018005371,2.062888384,60195.73002,2974207.954,-0.455410451,1.017960906,-0.835971436,2.01305131,60196.09487,2974207.134,1.241026246,0.062615164,-0.168837457,1.982291264
1609832196,60202.89717,2974192.662,-0.002190148,0.003662109,2.062922478,60195.6828,2974208.056,-0.418474555,0.942268968,-0.821017822,2.012853703,60196.03769,2974207.235,1.198068348,0.076032594,-0.423780774,1.990580873
1609832196,60202.89721,2974192.662,-0.00240873,0.002288818,2.062907934,60195.6391,2974208.151,-0.378193825,0.86920315,-0.835055908,2.012741318,60195.97531,2974207.291,1.060713846,0.135253832,-0.608801036,2.008336046
1609832197,60202.89727,2974192.663,-0.00228919,-0.002746582,2.062898397,60195.60634,2974208.235,-0.336478591,0.79952383,-0.749454102,2.012557027,60195.94623,2974207.365,0.939712408,0.128487355,-0.898023573,2.027735672
1609832197,60202.8973,2974192.663,-0.002421384,-0.014343262,2.062887192,60195.57748,2974208.313,-0.29713124,0.73308605,-0.644321045,2.012511221,60195.92575,2974207.422,0.769156169,0.098677272,-0.942894513,2.04890114
1609832197,60202.89739,2974192.663,-0.00241899,0.010223389,2.062906504,60195.55159,2974208.384,-0.271670669,0.675170541,-0.591830811,2.01214477,60195.9215,2974207.499,0.683941515,-0.042429799,-0.910311146,2.052845847
1609832197,60202.89742,2974192.663,-0.002466843,0.016937256,2.062905312,60195.52801,2974208.45,-0.245514348,0.623823225,-0.58099707,2.011840637,60195.88285,2974207.558,0.630923629,-0.06769828,-0.785436952,2.050343271
1609832197,60202.8975,2974192.664,-0.002704299,0.027160645,2.0629282,60195.50706,2974208.511,-0.215655908,0.575457871,-0.611056885,2.01165315,60195.86832,2974207.603,0.58078419,-0.092051175,-0.737579754,2.05748565
1609832197,60202.89742,2974192.664,-0.001199255,0.019989014,2.062958717,60195.489,2974208.566,-0.185691714,0.524214208,-0.506839355,2.011678184,60195.88595,2974207.66,0.514335323,-0.13743281,-0.764559885,2.043318363
1609832197,60202.89725,2974192.663,-0.001150599,-0.007019043,2.062939882,60195.47351,2974208.617,-0.161228746,0.479240924,-0.405826172,2.011351148,60195.8413,2974207.68,0.424939605,-0.077809385,-0.770008507,2.044421551
1609832197,60202.89658,2974192.662,-0.000895862,-0.020141602,2.062895298,60195.45451,2974208.657,-0.166719869,0.412764013,-0.390719971,2.011060331,60195.85143,2974207.717,0.352234093,-0.110455145,-0.682553787,2.019635971
1609832197,60202.89656,2974192.662,-0.000698933,-0.003967285,2.06290102,60195.43171,2974208.685,-0.145988867,0.37889567,-0.451602539,2.010999078,60195.82965,2974207.756,0.330996081,-0.031021919,-0.532334435,2.003196745
1609832197,60202.8965,2974192.662,-0.000910221,0.021362305,2.062880278,60195.41073,2974208.71,-0.126478583,0.340449452,-0.471133789,2.010968185,60195.85694,2974207.809,0.327550027,-0.159215737,-0.346547221,1.956014833
1609832198,60202.89643,2974192.662,-0.00123401,0.00869751,2.062809944,60195.40033,2974208.742,-0.104377344,0.299479365,-0.464725098,2.010814254,60195.81488,2974207.829,0.344164663,-0.082037041,-0.27509673,1.922635429
1609832198,60202.89633,2974192.662,-0.000941098,0.001983643,2.062772751,60195.39215,2974208.771,-0.079625353,0.261542916,-0.466403564,2.010730631,60195.79564,2974207.85,0.32393773,-0.047658333,-0.312160665,1.857399177
1609832198,60202.89624,2974192.662,-0.000964755,-0.001678467,2.062763214,60195.38611,2974208.795,-0.059680447,0.221954793,-0.467929443,2.010792417,60195.76763,2974207.848,0.259580145,0.119360579,-0.387507401,#NAME?
1609832198,60202.89612,2974192.662,-0.000782481,-0.014953613,2.062768459,60195.38186,2974208.815,-0.039279211,0.182823017,-0.41391333,2.010675237,60195.78094,2974207.875,0.202060242,0.083306645,-0.44163578,#NAME?
1609832198,60202.89601,2974192.662,-0.000763971,0.026245117,2.062824488,60195.37968,2974208.832,-0.017133264,0.146706104,-0.454196533,2.010575635,60195.78133,2974207.892,0.149803532,0.043451146,-0.416669252,#NAME?
1609832198,60202.89594,2974192.662,-0.00124564,0.019073486,2.062882423,60195.37951,2974208.845,0.003521146,0.110926993,-0.410861572,2.010572972,60195.74641,2974207.884,0.118986134,0.050785018,-0.40009519,#NAME?
1609832198,60202.89592,2974192.661,-0.001129431,0.000305176,2.062817574,60195.38114,2974208.854,0.021481579,0.075036928,-0.392856201,2.010570309,60195.75348,2974207.893,0.082720679,0.046320661,-0.392577218,#NAME?
1609832198,60202.89579,2974192.661,-0.001096469,0.004119873,2.062826633,60195.3841,2974208.857,0.034718163,0.000982216,-0.270022949,2.010455793,60195.76669,2974207.9,0.039775073,0.025327448,-0.420989826,#NAME?
1609832198,60202.89577,2974192.661,-0.001153772,-0.003967285,2.062802076,60195.38827,2974208.856,0.048244972,-0.020656385,0.136166016,2.010472305,60195.75243,2974207.882,-0.015144232,0.009328351,-0.414403413,#NAME?
1609832198,60202.89577,2974192.661,-0.00084264,-0.007476807,2.062853098,60195.39287,2974208.853,0.04502286,-0.012882168,0.130825439,2.010512252,60195.76607,2974207.887,-0.046264057,-0.024947396,-0.338673625,#NAME?
1609832199,60202.89579,2974192.661,-0.00062242,0.020751953,2.062846661,60195.39694,2974208.852,0.038396884,-0.002653953,-0.018558105,2.010440879,60195.77087,2974207.896,-0.04282091,-0.023952198,-0.23836264,#NAME?
1609832199,60202.89608,2974192.661,-0.000498005,0.015869141,2.062842607,60195.40082,2974208.852,0.040383041,-0.001934963,-0.06525,2.010430759,60195.7424,2974207.874,-0.039993625,0.023241029,-0.123296922,#NAME?
1609832199,60202.89647,2974192.661,-0.000577871,0.014190674,2.062834024,60195.40502,2974208.852,0.043126155,-0.004547122,-0.01748999,2.010456326,60195.75234,2974207.883,-0.018102456,0.028168233,-0.050779829,#NAME?
1609832199,60202.89647,2974192.661,-0.000122446,0.014953613,2.062845707,60195.40933,2974208.851,0.043013148,-0.005535852,0.040951172,2.010481359,60195.76735,2974207.897,-0.002104898,0.00782404,-0.001774814,#NAME?
1609832199,60202.89647,2974192.661,-0.000348089,-0.008544922,2.062857389,60195.41358,2974208.85,0.041974917,-0.001481438,0.014248291,2.010427563,60195.75476,2974207.883,0.002153243,-0.014534063,0.021550671,#NAME?
1609832199,60202.89647,2974192.661,-0.001438966,-0.003662109,2.062842607,60195.41778,2974208.85,0.042564835,-0.001836932,-0.033511719,2.010454195,60195.78585,2974207.903,0.012283486,-0.099427899,0.008767952,#NAME?
1609832199,60202.898,2974192.661,-0.001611647,0.027008057,2.062837601,60195.42216,2974208.85,0.04505216,-0.004412355,0.004330078,2.010395606,60195.77657,2974207.9,0.005801193,-0.065032632,-0.003255702,#NAME?
1609832199,60202.89832,2974192.662,-0.001459437,0.014343262,2.062852144,60195.41818,2974208.847,0.005712014,-0.00971006,0.005245605,2.010450999,60195.75091,2974207.879,-0.004776638,-0.006930266,-0.010847468,#NAME?
1609832199,60202.89832,2974192.662,-0.002207466,0.007171631,2.062868118,60195.40682,2974208.844,0.004619681,-0.00835728,-0.021762451,2.010490947,60195.78137,2974207.9,-0.001156733,-0.008296769,-0.020781413,#NAME?
1609832199,60202.89774,2974192.662,-0.002340342,0.016326904,2.062931538,60195.39607,2974208.84,0.005966035,-0.009180574,-0.021915039,2.010457924,60195.77699,2974207.896,-0.0089776,0.008272749,-0.020469543,#NAME?
1609832200,60202.89774,2974192.662,-0.002668595,0.007019043,2.062898397,60195.39671,2974208.839,0.006857955,-0.009731852,0.040188232,2.010419041,60195.76284,2974207.881,-0.015063045,-0.000981184,-0.013063808,#NAME?
1609832200,60202.89774,2974192.662,-0.003056137,-0.007171631,2.062942743,60195.39732,2974208.838,0.005929882,-0.007934506,0.003567139,2.010399334,60195.77098,2974207.893,-0.006297153,0.016325075,0.011278186,#NAME?
1609832200,60202.89774,2974192.662,-0.003483629,0.014648438,2.062951803,60195.39789,2974208.837,0.00655672,-0.007559818,-0.03488501,2.010322635,60195.77981,2974207.9,0.002734855,-0.002118696,0.028955817,#NAME?
1609832200,60202.89774,2974192.662,-0.003505308,0.023040771,2.062918186,60195.39856,2974208.837,0.007691015,-0.008445897,-0.011539063,2.010312515,60195.74407,2974207.876,0.005494392,0.05815029,0.031126045,#NAME?
1609832200,60202.89774,2974192.662,-0.003774211,0.021514893,2.06290102,60195.39928,2974208.836,0.007336303,-0.007162757,0.000362793,2.010327429,60195.7711,2974207.896,0.011145575,0.013061959,0.007755094,#NAME?
1609832200,60202.8988,2974192.664,-0.00210318,0.013122559,2.062944174,60195.39999,2974208.835,0.007423568,-0.005584989,-0.023746094,2.010413182,60195.77725,2974207.896,0.001156105,0.014942648,-0.013200431,#NAME?
1609832200,60202.89872,2974192.664,-0.00250704,0.003814697,2.062982082,60195.40076,2974208.834,0.008215875,-0.006522073,0.005703369,2.010494675,60195.75432,2974207.877,-0.009342799,0.008786948,-0.022536603,#NAME?
1609832200,60202.89825,2974192.663,-0.003000768,-0.015258789,2.062929869,60195.39796,2974208.835,-0.008082175,-0.001819728,0.017452637,2.010525568,60195.76032,2974207.888,-0.00492626,0.022680335,-0.008163694,#NAME?
1609832200,60202.89825,2974192.663,-0.00335485,0.012054443,2.062908649,60195.39135,2974208.837,-0.007859249,-0.000358933,-0.020541748,2.010512785,60195.76185,2974207.89,-0.000491001,0.037877971,0.022008086,#NAME?
1609832200,60202.89825,2974192.663,-0.003590058,0.02166748,2.062929392,60195.38477,2974208.838,-0.007715776,-0.000569921,-0.01825293,2.010482425,60195.75176,2974207.883,0.008971532,0.025463794,0.022065174,#NAME?
1609832201,60202.89773,2974192.663,-0.00427862,0.018310547,2.062912703,60195.38404,2974208.838,-0.006839922,-0.000660507,-0.002994141,2.010417976,60195.76563,2974207.893,0.010475263,-0.008116735,0.012427881,#NAME?
1609832201,60202.89773,2974192.663,-0.004879532,0.009155273,2.062876701,60195.38336,2974208.838,-0.006799516,0.000431067,-0.005130371,2.010529829,60195.77301,2974207.895,0.005557379,-0.029946515,-0.008720486,#NAME?
1609832201,60202.89773,2974192.663,-0.005026585,0.004272461,2.062841415,60195.3827,2974208.838,-0.006663884,0.001238929,-0.004214844,2.010463782,60195.75052,2974207.881,-0.002080683,0.004030954,-0.010709807,#NAME?
1609832201,60202.89773,2974192.663,-0.00552279,0.018005371,2.062881947,60195.38209,2974208.839,-0.005641192,0.001107097,-0.007114014,2.010541547,60195.79266,2974207.906,0.002070418,-0.073811374,-0.010096038,#NAME?
1609832201,60202.89773,2974192.663,-0.006145539,0.024871826,2.062877655,60195.38159,2974208.839,-0.0049285,0.001632598,0.005550781,2.010497871,60195.78801,2974207.903,0.000683863,-0.05673755,0.01146888,#NAME?
1609832201,60202.89773,2974192.663,-0.002686352,0.016479492,2.06288147,60195.38109,2974208.839,-0.005012869,0.002205774,-0.020541748,2.010534623,60195.74418,2974207.883,0.008470952,0.011191385,0.028644701,#NAME?
1609832201,60202.89773,2974192.663,-0.002918706,-0.005645752,2.062806845,60195.38062,2974208.839,-0.004438307,0.002549752,-0.017947754,2.010552732,60195.77694,2974207.906,0.020265772,0.018961534,0.019837828,#NAME?
1609832201,60202.89773,2974192.663,-0.003337287,-0.002746582,2.062832355,60195.38014,2974208.84,-0.003545434,0.003479441,-0.000247559,2.010578831,60195.76772,2974207.896,0.011355539,0.06431088,-0.018032424,#NAME?
